<?xml version="1.0" encoding="UTF-8" standalone="no"?>
<synergyConfiguration version="5">
  <generalSettings>
    <option key="#Board#" value="board.custom"/>
    <option key="CPU" value="S5D9"/>
    <option key="#TargetName#" value="R7FS5D97E3A01CFP"/>
    <option key="#TargetARCHITECTURE#" value="cortex-m4"/>
    <option key="#RTOS#" value="Express Logic ThreadX"/>
    <option key="#pinconfiguration#" value="R7FS7G27G2A01CBD.pincfg"/>
    <option key="#SSPVersion#" value="2.6.1"/>
    <option key="#DefaultLinkerScript#" value="r7fs5d97e3a01cfp.ld"/>
    <option key="#SELECTED_TOOLCHAIN#" value="gcc-arm-embedded"/>
  </generalSettings>
  <raPinConfiguration>
    <symbolicName propertyId="p014.symbolic_name" value="pwm for wls"/>
    <symbolicName propertyId="p100.symbolic_name" value="mtr3 in1(IF USING REV 5 DC BOARD ENABLE THIS)"/>
    <symbolicName propertyId="p101.symbolic_name" value="mtr3 in2(IF USING REV 5 DC BOARD ENABLE THIS)"/>
    <symbolicName propertyId="p111.symbolic_name" value="pwm for mtr3 ic(IF USING REV 5 DC BOARD ENABLE THIS)"/>
    <symbolicName propertyId="p201.symbolic_name" value="mtr4 in1 (IF USING REV5 ENABLE THIS PIN)"/>
    <symbolicName propertyId="p207.symbolic_name" value="ps"/>
    <symbolicName propertyId="p208.symbolic_name" value="MTR2 IN2"/>
    <symbolicName propertyId="p209.symbolic_name" value="MTR2 IN1"/>
    <symbolicName propertyId="p210.symbolic_name" value="clock pin for eeprom"/>
    <symbolicName propertyId="p211.symbolic_name" value="data pin for eeprom"/>
    <symbolicName propertyId="p212.symbolic_name" value="RX for uart"/>
    <symbolicName propertyId="p213.symbolic_name" value="TX for uart"/>
    <symbolicName propertyId="p214.symbolic_name" value="BUZZER"/>
    <symbolicName propertyId="p303.symbolic_name" value="ADD BIT for wls"/>
    <symbolicName propertyId="p304.symbolic_name" value="pwm for mtr4 ic (IF USING REV5 ENABLE THIS PIN)"/>
    <symbolicName propertyId="p306.symbolic_name" value="mtr1 in1"/>
    <symbolicName propertyId="p307.symbolic_name" value="mtr1 in2"/>
    <symbolicName propertyId="p407.symbolic_name" value="mtr4 in2 (IF USING REV5 ENABLE THIS PIN)"/>
    <symbolicName propertyId="p408.symbolic_name" value="refill"/>
    <symbolicName propertyId="p409.symbolic_name" value="heating"/>
    <symbolicName propertyId="p410.symbolic_name" value="water"/>
    <symbolicName propertyId="p411.symbolic_name" value="steam"/>
    <symbolicName propertyId="p412.symbolic_name" value="TEA BREW"/>
    <symbolicName propertyId="p413.symbolic_name" value="COFF BREW"/>
    <symbolicName propertyId="p502.symbolic_name" value="MTR3 IN1 "/>
    <symbolicName propertyId="p503.symbolic_name" value="MTR3 PWM"/>
    <symbolicName propertyId="p504.symbolic_name" value="MTR3 IN2"/>
    <pincfg active="false" name="R7FS7G27G2A01CBD.pincfg" selected="false" symbol="g_bsp_pin_cfg">
      <configSetting altId="debug0.mode.jtag" configurationId="debug0.mode"/>
      <configSetting altId="debug0.tck.p300" configurationId="debug0.tck"/>
      <configSetting altId="debug0.tdi.p110" configurationId="debug0.tdi"/>
      <configSetting altId="debug0.tdo.p109" configurationId="debug0.tdo"/>
      <configSetting altId="debug0.tms.p108" configurationId="debug0.tms"/>
      <configSetting altId="p108.debug0.tms" configurationId="p108"/>
      <configSetting altId="p108.gpio_mode.gpio_mode_peripheral" configurationId="p108.gpio_mode"/>
      <configSetting altId="p109.debug0.tdo" configurationId="p109"/>
      <configSetting altId="p109.gpio_mode.gpio_mode_peripheral" configurationId="p109.gpio_mode"/>
      <configSetting altId="p110.debug0.tdi" configurationId="p110"/>
      <configSetting altId="p110.gpio_mode.gpio_mode_peripheral" configurationId="p110.gpio_mode"/>
      <configSetting altId="p300.debug0.tck" configurationId="p300"/>
      <configSetting altId="p300.gpio_mode.gpio_mode_peripheral" configurationId="p300.gpio_mode"/>
    </pincfg>
    <pincfg active="true" name="R7FS5D97E3A01CFP.pincfg" selected="true" symbol="g_bsp_pin_cfg">
      <configSetting altId="adc1.an02.p006" configurationId="adc1.an02"/>
      <configSetting altId="adc1.mode.custom" configurationId="adc1.mode"/>
      <configSetting altId="debug0.mode.jtag" configurationId="debug0.mode"/>
      <configSetting altId="debug0.tck.p300" configurationId="debug0.tck"/>
      <configSetting altId="debug0.tdi.p110" configurationId="debug0.tdi"/>
      <configSetting altId="debug0.tdo.p109" configurationId="debug0.tdo"/>
      <configSetting altId="debug0.tms.p108" configurationId="debug0.tms"/>
      <configSetting altId="p006.asel" configurationId="p006"/>
      <configSetting altId="p006.gpio_mode.gpio_mode_an" configurationId="p006.gpio_mode"/>
      <configSetting altId="p014.output.low" configurationId="p014"/>
      <configSetting altId="p014.gpio_mode.gpio_mode_out.low" configurationId="p014.gpio_mode"/>
      <configSetting altId="p108.debug0.tms" configurationId="p108"/>
      <configSetting altId="p108.gpio_mode.gpio_mode_peripheral" configurationId="p108.gpio_mode"/>
      <configSetting altId="p109.debug0.tdo" configurationId="p109"/>
      <configSetting altId="p109.gpio_mode.gpio_mode_peripheral" configurationId="p109.gpio_mode"/>
      <configSetting altId="p110.debug0.tdi" configurationId="p110"/>
      <configSetting altId="p110.gpio_mode.gpio_mode_peripheral" configurationId="p110.gpio_mode"/>
      <configSetting altId="p207.input" configurationId="p207"/>
      <configSetting altId="p207.gpio_mode.gpio_mode_in" configurationId="p207.gpio_mode"/>
      <configSetting altId="p208.output.low" configurationId="p208"/>
      <configSetting altId="p208.gpio_mode.gpio_mode_out.low" configurationId="p208.gpio_mode"/>
      <configSetting altId="p209.output.low" configurationId="p209"/>
      <configSetting altId="p209.gpio_mode.gpio_mode_out.low" configurationId="p209.gpio_mode"/>
      <configSetting altId="p210.output.low" configurationId="p210"/>
      <configSetting altId="p210.gpio_mode.gpio_mode_out.low" configurationId="p210.gpio_mode"/>
      <configSetting altId="p211.output.low" configurationId="p211"/>
      <configSetting altId="p211.gpio_mode.gpio_mode_out.low" configurationId="p211.gpio_mode"/>
      <configSetting altId="p212.sci1.rxd" configurationId="p212"/>
      <configSetting altId="p212.gpio_mode.gpio_mode_peripheral" configurationId="p212.gpio_mode"/>
      <configSetting altId="p213.sci1.txd" configurationId="p213"/>
      <configSetting altId="p213.gpio_mode.gpio_mode_peripheral" configurationId="p213.gpio_mode"/>
      <configSetting altId="p214.output.low" configurationId="p214"/>
      <configSetting altId="p214.gpio_speed.gpio_speed_high" configurationId="p214.gpio_drivecapacity"/>
      <configSetting altId="p214.gpio_mode.gpio_mode_out.low" configurationId="p214.gpio_mode"/>
      <configSetting altId="p300.debug0.tck" configurationId="p300"/>
      <configSetting altId="p300.gpio_mode.gpio_mode_peripheral" configurationId="p300.gpio_mode"/>
      <configSetting altId="p303.output.low" configurationId="p303"/>
      <configSetting altId="p303.gpio_speed.gpio_speed_high" configurationId="p303.gpio_drivecapacity"/>
      <configSetting altId="p303.gpio_mode.gpio_mode_out.low" configurationId="p303.gpio_mode"/>
      <configSetting altId="p306.output.low" configurationId="p306"/>
      <configSetting altId="p306.gpio_mode.gpio_mode_out.low" configurationId="p306.gpio_mode"/>
      <configSetting altId="p307.output.low" configurationId="p307"/>
      <configSetting altId="p307.gpio_mode.gpio_mode_out.low" configurationId="p307.gpio_mode"/>
      <configSetting altId="p408.output.low" configurationId="p408"/>
      <configSetting altId="p408.gpio_speed.gpio_speed_high" configurationId="p408.gpio_drivecapacity"/>
      <configSetting altId="p408.gpio_mode.gpio_mode_out.low" configurationId="p408.gpio_mode"/>
      <configSetting altId="p409.output.low" configurationId="p409"/>
      <configSetting altId="p409.gpio_speed.gpio_speed_high" configurationId="p409.gpio_drivecapacity"/>
      <configSetting altId="p409.gpio_mode.gpio_mode_out.low" configurationId="p409.gpio_mode"/>
      <configSetting altId="p410.output.low" configurationId="p410"/>
      <configSetting altId="p410.gpio_speed.gpio_speed_high" configurationId="p410.gpio_drivecapacity"/>
      <configSetting altId="p410.gpio_mode.gpio_mode_out.low" configurationId="p410.gpio_mode"/>
      <configSetting altId="p411.output.low" configurationId="p411"/>
      <configSetting altId="p411.gpio_speed.gpio_speed_high" configurationId="p411.gpio_drivecapacity"/>
      <configSetting altId="p411.gpio_mode.gpio_mode_out.low" configurationId="p411.gpio_mode"/>
      <configSetting altId="p412.output.low" configurationId="p412"/>
      <configSetting altId="p412.gpio_speed.gpio_speed_high" configurationId="p412.gpio_drivecapacity"/>
      <configSetting altId="p412.gpio_mode.gpio_mode_out.low" configurationId="p412.gpio_mode"/>
      <configSetting altId="p413.output.low" configurationId="p413"/>
      <configSetting altId="p413.gpio_speed.gpio_speed_high" configurationId="p413.gpio_drivecapacity"/>
      <configSetting altId="p413.gpio_mode.gpio_mode_out.low" configurationId="p413.gpio_mode"/>
      <configSetting altId="p502.output.low" configurationId="p502"/>
      <configSetting altId="p502.gpio_mode.gpio_mode_out.low" configurationId="p502.gpio_mode"/>
      <configSetting altId="p503.output.low" configurationId="p503"/>
      <configSetting altId="p503.gpio_mode.gpio_mode_out.low" configurationId="p503.gpio_mode"/>
      <configSetting altId="p504.output.low" configurationId="p504"/>
      <configSetting altId="p504.gpio_mode.gpio_mode_out.low" configurationId="p504.gpio_mode"/>
      <configSetting altId="sci1.mode.asynchronous.free" configurationId="sci1.mode"/>
      <configSetting altId="sci1.rxd.p212" configurationId="sci1.rxd"/>
      <configSetting altId="sci1.txd.p213" configurationId="sci1.txd"/>
    </pincfg>
  </raPinConfiguration>
  <synergyBspConfiguration>
    <config id="config.bsp.s5d9.R7FS5D97E3A01CFP">
      <property id="config.bsp.part_number" value="config.bsp.part_number.value"/>
      <property id="config.bsp.rom_size_bytes" value="config.bsp.rom_size_bytes.value"/>
      <property id="config.bsp.ram_size_bytes" value="config.bsp.ram_size_bytes.value"/>
      <property id="config.bsp.data_flash_size_bytes" value="config.bsp.data_flash_size_bytes.value"/>
      <property id="config.bsp.package_style" value="config.bsp.package_style.value"/>
      <property id="config.bsp.package_pins" value="config.bsp.package_pins.value"/>
    </config>
    <config id="config.bsp.s5d9">
      <property id="config.bsp.series" value="config.bsp.series.value"/>
    </config>
    <config id="config.bsp.s5d9.ssp">
      <property id="config.bsp.s5d9.ssp.OFS0" value="config.bsp.s5d9.ssp.OFS0_Register.default"/>
      <property id="config.bsp.s5d9.ssp.OFS0.iwdt_start_mode" value="config.bsp.s5d9.ssp.OFS0.iwdt_start_mode.disabled"/>
      <property id="config.bsp.s5d9.ssp.OFS0.iwdt_timeout" value="config.bsp.s5d9.ssp.OFS0.iwdt_timeout.2048"/>
      <property id="config.bsp.s5d9.ssp.OFS0.iwdt_divisor" value="config.bsp.s5d9.ssp.OFS0.iwdt_divisor.128"/>
      <property id="config.bsp.s5d9.ssp.OFS0.iwdt_window_end" value="config.bsp.s5d9.ssp.OFS0.iwdt_window_end.0"/>
      <property id="config.bsp.s5d9.ssp.OFS0.iwdt_window_start" value="config.bsp.s5d9.ssp.OFS0.iwdt_window_start.100"/>
      <property id="config.bsp.s5d9.ssp.OFS0.iwdt_reset_interrupt" value="config.bsp.s5d9.ssp.OFS0.iwdt_reset_interrupt.Reset"/>
      <property id="config.bsp.s5d9.ssp.OFS0.iwdt_stop_control" value="config.bsp.s5d9.ssp.OFS0.iwdt_stop_control.stops"/>
      <property id="config.bsp.s5d9.ssp.OFS0.wdt_start_mode" value="config.bsp.s5d9.ssp.OFS0.wdt_start_mode.register"/>
      <property id="config.bsp.s5d9.ssp.OFS0.wdt_timeout" value="config.bsp.s5d9.ssp.OFS0.wdt_timeout.16384"/>
      <property id="config.bsp.s5d9.ssp.OFS0.wdt_divisor" value="config.bsp.s5d9.ssp.OFS0.wdt_divisor.128"/>
      <property id="config.bsp.s5d9.ssp.OFS0.wdt_window_end" value="config.bsp.s5d9.ssp.OFS0.wdt_window_end.0"/>
      <property id="config.bsp.s5d9.ssp.OFS0.wdt_window_start" value="config.bsp.s5d9.ssp.OFS0.wdt_window_start.100"/>
      <property id="config.bsp.s5d9.ssp.OFS0.wdt_reset_interrupt" value="config.bsp.s5d9.ssp.OFS0.wdt_reset_interrupt.Reset"/>
      <property id="config.bsp.s5d9.ssp.OFS0.wdt_stop_control" value="config.bsp.s5d9.ssp.OFS0.wdt_stop_control.stops"/>
      <property id="config.bsp.s5d9.ssp.OFS1" value="config.bsp.s5d9.ssp.OFS1_Register.default"/>
      <property id="config.bsp.s5d9.ssp.OFS1.voltage_detection0.start" value="config.bsp.s5d9.ssp.OFS1.voltage_detection0.start.disabled"/>
      <property id="config.bsp.s5d9.ssp.OFS1.voltage_detection0_level" value="config.bsp.s5d9.ssp.OFS1.voltage_detection0_level.280"/>
      <property id="config.bsp.s5d9.ssp.OFS1.hoco_osc" value="config.bsp.s5d9.ssp.OFS1.hoco_osc.disabled"/>
      <property id="config.bsp.s5d9.ssp.mpu_pc0_enable" value="config.bsp.s5d9.ssp.mpu_pc0_enable.disabled"/>
      <property id="config.bsp.s5d9.ssp.mpu_pc0_start" value="0xFFFFFFFC"/>
      <property id="config.bsp.s5d9.ssp.mpu_pc0_end" value="0xFFFFFFFF"/>
      <property id="config.bsp.s5d9.ssp.mpu_pc1_enable" value="config.bsp.s5d9.ssp.mpu_pc1_enable.disabled"/>
      <property id="config.bsp.s5d9.ssp.mpu_pc1_start" value="0xFFFFFFFC"/>
      <property id="config.bsp.s5d9.ssp.mpu_pc1_end" value="0xFFFFFFFF"/>
      <property id="config.bsp.s5d9.ssp.mpu_reg0_enable" value="config.bsp.s5d9.ssp.mpu_reg0_enable.disabled"/>
      <property id="config.bsp.s5d9.ssp.mpu_reg0_start" value="0x00FFFFFC"/>
      <property id="config.bsp.s5d9.ssp.mpu_reg0_end" value="0x00FFFFFF"/>
      <property id="config.bsp.s5d9.ssp.mpu_reg1_enable" value="config.bsp.s5d9.ssp.mpu_reg1_enable.disabled"/>
      <property id="config.bsp.s5d9.ssp.mpu_reg1_start" value="0x200FFFFC"/>
      <property id="config.bsp.s5d9.ssp.mpu_reg1_end" value="0x200FFFFF"/>
      <property id="config.bsp.s5d9.ssp.mpu_reg2_enable" value="config.bsp.s5d9.ssp.mpu_reg2_enable.disabled"/>
      <property id="config.bsp.s5d9.ssp.mpu_reg2_start" value="0x407FFFFC"/>
      <property id="config.bsp.s5d9.ssp.mpu_reg2_end" value="0x407FFFFF"/>
      <property id="config.bsp.s5d9.ssp.mpu_reg3_enable" value="config.bsp.s5d9.ssp.mpu_reg3_enable.disabled"/>
      <property id="config.bsp.s5d9.ssp.mpu_reg3_start" value="0x400DFFFC"/>
      <property id="config.bsp.s5d9.ssp.mpu_reg3_end" value="0x400DFFFF"/>
      <property id="config.bsp.ssp.mcu.adc.max_freq_hz" value="60000000"/>
      <property id="config.bsp.ssp.mcu.sci_spi.max_bitrate" value="30000000"/>
    </config>
    <config id="config.bsp.synergy">
      <property id="config.bsp.common.main" value="0x800"/>
      <property id="config.bsp.common.process" value="0"/>
      <property id="config.bsp.common.heap" value="0x1000"/>
      <property id="config.bsp.common.vcc" value="3300"/>
      <property id="config.bsp.common.avcc0" value="3300"/>
      <property id="config.bsp.common.checking" value="config.bsp.common.checking.enabled"/>
      <property id="config.bsp.common.assert" value="config.bsp.common.assert.none"/>
      <property id="config.bsp.common.error_log" value="config.bsp.common.error_log.none"/>
      <property id="config.bsp.common.id_mode" value="config.bsp.common.id_mode.unlocked"/>
      <property id="config.bsp.common.id_code" value="FFFFFFFFFFFFFFFFFFFFFFFFFFFFFFFF"/>
      <property id="config.bsp.common.id1" value=""/>
      <property id="config.bsp.common.id2" value=""/>
      <property id="config.bsp.common.id3" value=""/>
      <property id="config.bsp.common.id4" value=""/>
      <property id="config.bsp.common.id_fixed" value=""/>
    </config>
  </synergyBspConfiguration>
  <synergyClockConfiguration>
    <node id="board.clock.xtal.freq" mul="24000000" option="_edit"/>
    <node id="board.clock.usbmclk.freq" option="board.clock.usbmclk.freq"/>
    <node id="board.clock.pll.source" option="board.clock.pll.source.hoco"/>
    <node id="board.clock.hoco.freq" option="board.clock.hoco.freq.20m"/>
    <node id="board.clock.loco.freq" option="board.clock.loco.freq.32768"/>
    <node id="board.clock.moco.freq" option="board.clock.moco.freq.8m"/>
    <node id="board.clock.subclk.freq" option="board.clock.subclk.freq.32768"/>
    <node id="board.clock.pll.div" option="board.clock.pll.div.2"/>
    <node id="board.clock.pll.mul" option="board.clock.pll.mul.240"/>
    <node id="board.clock.pll.display" option="board.clock.pll.display.value"/>
    <node id="board.clock.clock.source" option="board.clock.clock.source.pll"/>
    <node id="board.clock.iclk.div" option="board.clock.iclk.div.2"/>
    <node id="board.clock.iclk.display" option="board.clock.iclk.display.value"/>
    <node id="board.clock.pclka.div" option="board.clock.pclka.div.2"/>
    <node id="board.clock.pclka.display" option="board.clock.pclka.display.value"/>
    <node id="board.clock.pclkb.div" option="board.clock.pclkb.div.4"/>
    <node id="board.clock.pclkb.display" option="board.clock.pclkb.display.value"/>
    <node id="board.clock.pclkc.div" option="board.clock.pclkc.div.4"/>
    <node id="board.clock.pclkc.display" option="board.clock.pclkc.display.value"/>
    <node id="board.clock.pclkd.div" option="board.clock.pclkd.div.2"/>
    <node id="board.clock.pclkd.display" option="board.clock.pclkd.display.value"/>
    <node id="board.clock.sdclkout.div" option="board.clock.sdclkout.div.1"/>
    <node id="board.clock.sdclkout.display" option="board.clock.sdclkout.display.value"/>
    <node id="board.clock.bclk.div" option="board.clock.bclk.div.2"/>
    <node id="board.clock.bclk.display" option="board.clock.bclk.display.value"/>
    <node id="board.clock.bclkout.div" option="board.clock.bclkout.div.2"/>
    <node id="board.clock.bclkout.display" option="board.clock.bclkout.display.value"/>
    <node id="board.clock.uclk.div" option="board.clock.uclk.div.5"/>
    <node id="board.clock.uclk.display" option="board.clock.uclk.display.value"/>
    <node id="board.clock.fclk.div" option="board.clock.fclk.div.4"/>
    <node id="board.clock.fclk.display" option="board.clock.fclk.display.value"/>
  </synergyClockConfiguration>
  <synergyComponentSelection>
    <component apiversion="" class="Common" condition="" group="all" subgroup="ssp_common" variant="" vendor="Renesas" version="2.6.1">
      <description>SSP Common Code</description>
      <originalPack>Renesas.Synergy.2.6.1.pack</originalPack>
    </component>
    <component apiversion="" class="HAL Drivers" condition="" group="all" subgroup="r_cgc" variant="" vendor="Renesas" version="2.6.1">
      <description>Clock Generation Circuit: Provides=[CGC]</description>
      <originalPack>Renesas.Synergy.2.6.1.pack</originalPack>
    </component>
    <component apiversion="" class="HAL Drivers" condition="" group="all" subgroup="r_elc" variant="" vendor="Renesas" version="2.6.1">
      <description>Event Link Controller: Provides=[ELC]</description>
      <originalPack>Renesas.Synergy.2.6.1.pack</originalPack>
    </component>
    <component apiversion="" class="HAL Drivers" condition="" group="all" subgroup="r_fmi" variant="" vendor="Renesas" version="2.6.1">
      <description>Factory MCU Information Module: Provides=[FMI]</description>
      <originalPack>Renesas.Synergy.2.6.1.pack</originalPack>
    </component>
    <component apiversion="" class="HAL Drivers" condition="" group="all" subgroup="r_ioport" variant="" vendor="Renesas" version="2.6.1">
      <description>I/O Port: Provides=[IO Port]</description>
      <originalPack>Renesas.Synergy.2.6.1.pack</originalPack>
    </component>
    <component apiversion="" class="BSP" condition="" group="Board" subgroup="custom" variant="" vendor="Renesas" version="2.6.1">
      <description>CUSTOM Board Support Files</description>
      <originalPack>Renesas.Synergy_board_custom.2.6.1.pack</originalPack>
    </component>
    <component apiversion="" class="HAL Drivers" condition="" group="all" subgroup="r_adc" variant="" vendor="Renesas" version="2.6.1">
      <description>A/D Converter: Provides=[ADC]</description>
      <originalPack>Renesas.Synergy.2.6.1.pack</originalPack>
    </component>
    <component apiversion="" class="HAL Drivers" condition="" group="all" subgroup="r_dtc" variant="" vendor="Renesas" version="2.6.1">
      <description>Data Transfer Controller: Provides=[Transfer]</description>
      <originalPack>Renesas.Synergy.2.6.1.pack</originalPack>
    </component>
    <component apiversion="" class="HAL Drivers" condition="" group="all" subgroup="r_gpt" variant="" vendor="Renesas" version="2.6.1">
      <description>General Purpose Timer: Provides=[Timer ,GPT]</description>
      <originalPack>Renesas.Synergy.2.6.1.pack</originalPack>
    </component>
    <component apiversion="" class="HAL Drivers" condition="" group="all" subgroup="r_sci_uart" variant="" vendor="Renesas" version="2.6.1">
      <description>SCI UART: Provides=[UART] , Requires=[SCI Common]</description>
      <originalPack>Renesas.Synergy.2.6.1.pack</originalPack>
    </component>
    <component apiversion="" class="Express Logic" condition="" group="all" subgroup="tx" variant="" vendor="Renesas" version="2.6.1">
      <description>Express Logic ThreadX: Provides=[ThreadX]</description>
      <originalPack>Renesas.Synergy.2.6.1.pack</originalPack>
    </component>
    <component apiversion="" class="BSP" condition="" group="s5d9" subgroup="device" variant="R7FS5D97E3A01CFP" vendor="Renesas" version="2.6.1">
      <description>Board support package for R7FS5D97E3A01CFP</description>
      <originalPack>Renesas.Synergy_mcu_s5d9.2.6.1.pack</originalPack>
    </component>
    <component apiversion="" class="BSP" condition="" group="s5d9" subgroup="device" variant="" vendor="Renesas" version="2.6.1">
      <description>Board support package for S5D9</description>
      <originalPack>Renesas.Synergy_mcu_s5d9.2.6.1.pack</originalPack>
    </component>
    <component apiversion="" class="BSP" condition="" group="s5d9" subgroup="ssp" variant="" vendor="Renesas" version="2.6.1">
      <description>Board support package for S5D9</description>
      <originalPack>Renesas.Synergy_mcu_s5d9.2.6.1.pack</originalPack>
    </component>
  </synergyComponentSelection>
  <synergyIcuConfiguration/>
  <synergyMessagingConfiguration/>
  <synergyModuleConfiguration>
    <module id="module.driver.cgc_on_cgc.0">
      <property id="module.driver.cgc.name" value="g_cgc"/>
    </module>
    <module id="module.driver.elc_on_elc.0">
      <property id="module.driver.elc.name" value="g_elc"/>
    </module>
    <module id="module.driver.ioport_on_ioport.0">
      <property id="module.driver.ioport.name" value="g_ioport"/>
    </module>
    <module id="module.driver.fmi_on_fmi.0">
      <property id="module.driver.fmi.name" value="g_fmi"/>
    </module>
    <module id="module.driver.timer_on_gpt.160296050">
      <property id="module.driver.timer.name" value="gpt_Timer_Interrupt"/>
      <property id="module.driver.timer.channel" value="0"/>
      <property id="module.driver.timer.mode" value="module.driver.timer.mode.mode_periodic"/>
      <property id="module.driver.timer.shortest_pwm_signal" value="module.driver.timer.mode.shortest_pwm_signal_disabled"/>
      <property id="module.driver.timer.period" value="50"/>
      <property id="module.driver.timer.unit" value="module.driver.timer.unit.unit_period_usec"/>
      <property id="module.driver.timer.duty_cycle" value="50"/>
      <property id="module.driver.timer.duty_cycle_unit" value="module.driver.timer.duty_cycle_unit.unit_percent"/>
      <property id="module.driver.timer.autostart" value="module.driver.timer.autostart.true"/>
      <property id="module.driver.timer.gtioca_output_enabled" value="module.driver.timer.gtioca_output_enabled.false"/>
      <property id="module.driver.timer.gtioca_stop_level" value="module.driver.timer.gtioca_stop_level.pin_level_low"/>
      <property id="module.driver.timer.gtiocb_output_enabled" value="module.driver.timer.gtiocb_output_enabled.false"/>
      <property id="module.driver.timer.gtiocb_stop_level" value="module.driver.timer.gtiocb_stop_level.pin_level_low"/>
      <property id="module.driver.timer.p_callback" value="TIMER_INTERRUPT"/>
      <property id="module.driver.timer.irq_ipl" value="board.icu.common.irq.priority1"/>
    </module>
    <module id="module.driver.uart_on_sci_uart.282637021">
      <property id="module.driver.uart.name" value="Keypad_Uart"/>
      <property id="module.driver.uart.channel" value="1"/>
      <property id="module.driver.uart.baud_rate" value="115200"/>
      <property id="module.driver.uart.data_bits" value="module.driver.uart.data_bits.data_bits_8"/>
      <property id="module.driver.uart.parity" value="module.driver.uart.parity.parity_off"/>
      <property id="module.driver.uart.stop_bits" value="module.driver.uart.stop_bits.stop_bits_1"/>
      <property id="module.driver.uart.ctsrts_en" value="module.driver.uart.ctsrts_en.false"/>
      <property id="module.driver.uart.callback" value="Keypad_Uart_Callback"/>
      <property id="module.driver.uart.callback.rts_pin_ctrl" value="NULL"/>
      <property id="module.driver.uart.clk_src" value="module.driver.uart.clk_src.int_clk"/>
      <property id="module.driver.uart.baudclk_out" value="module.driver.uart.baudclk_out.false"/>
      <property id="module.driver.uart.rx_edge_start" value="module.driver.uart.rx_edge_start.true"/>
      <property id="module.driver.uart.noisecancel_en" value="module.driver.uart.noisecancel_en.true"/>
      <property id="module.driver.uart.bitrate_modulation" value="module.driver.uart.bitrate_modulation.true"/>
      <property id="module.driver.uart.rx_fifo_trigger" value="module.driver.uart.rx_fifo_trigger.max"/>
      <property id="module.driver.uart.rxi_ipl" value="board.icu.common.irq.priority0"/>
      <property id="module.driver.uart.txi_ipl" value="board.icu.common.irq.priority1"/>
      <property id="module.driver.uart.tei_ipl" value="board.icu.common.irq.priority1"/>
      <property id="module.driver.uart.eri_ipl" value="board.icu.common.irq.priority2"/>
      <property id="module.driver.uart.baud_rate_error" value="0.1"/>
      <property id="module.driver.uart.uart_comm_mode" value="module.driver.uart.uart_comm_mode.uart_rs232_mode"/>
      <property id="module.driver.uart.uart_rs485_mode" value="module.driver.uart.uart_rs485_mode.uart_hd_mode"/>
      <property id="module.driver.uart.rs485_de_port" value="module.driver.uart.rs485_de_port.PORT_09"/>
      <property id="module.driver.uart.rs485_de_pin" value="module.driver.uart.rs485_de_pin.PIN_14"/>
    </module>
    <module id="module.driver.transfer_on_dtc.662781814">
      <property id="module.driver.transfer.name" value="g_transfer0"/>
      <property id="module.driver.transfer.mode" value="module.driver.transfer.mode.mode_normal"/>
      <property id="module.driver.transfer.size" value="module.driver.transfer.size.size_2_byte"/>
      <property id="module.driver.transfer.dest_addr_mode" value="module.driver.transfer.dest_addr_mode.addr_mode_fixed"/>
      <property id="module.driver.transfer.src_addr_mode" value="module.driver.transfer.src_addr_mode.addr_mode_fixed"/>
      <property id="module.driver.transfer.repeat_area" value="module.driver.transfer.repeat_area.repeat_area_source"/>
      <property id="module.driver.transfer.interrupt" value="module.driver.transfer.interrupt.interrupt_end"/>
      <property id="module.driver.transfer.p_dest" value="NULL"/>
      <property id="module.driver.transfer.p_src" value="NULL"/>
      <property id="module.driver.transfer.length" value="0"/>
      <property id="module.driver.transfer.num_blocks" value="0"/>
      <property id="module.driver.transfer.activation_source" value="module.driver.transfer.event.event_elc_software_event_0"/>
      <property id="module.driver.transfer.auto_enable" value="module.driver.transfer.auto_enable.true"/>
      <property id="module.driver.transfer.p_callback" value="NULL"/>
      <property id="module.driver.transfer.irq_ipl" value="board.icu.common.irq.disabled"/>
    </module>
    <module id="module.driver.adc_on_adc.1049327815">
      <property id="module.driver.adc.name" value="ADC_Interrupt_0"/>
      <property id="module.driver.adc.unit" value="module.driver.adc.unit.unit1"/>
      <property id="module.driver.adc.resolution" value="module.driver.adc.resolution.resolution_12_bit"/>
      <property id="module.driver.adc.alignment" value="module.driver.adc.alignment.alignment_right"/>
      <property id="module.driver.adc.clearing" value="module.driver.adc.clearing.clear_after_read_on"/>
      <property id="module.driver.adc.mode" value="module.driver.adc.mode.mode_continuous_scan"/>
      <property id="module.driver.adc.skip_internal_calibration" value="module.driver.adc.skip_internal_calibration.skip_internal_calibration_false"/>
      <property id="module.driver.adc.scan_mask" value="module.driver.adc.scan_mask.default"/>
      <property id="module.driver.adc.channel_0" value="module.driver.adc.scan_mask.channel_0.unused"/>
      <property id="module.driver.adc.channel_1" value="module.driver.adc.scan_mask.channel_1.unused"/>
      <property id="module.driver.adc.channel_2" value="module.driver.adc.channel_2.used"/>
      <property id="module.driver.adc.channel_3" value="module.driver.adc.scan_mask.channel_3.unused"/>
      <property id="module.driver.adc.channel_4" value="module.driver.adc.scan_mask.channel_4.unused"/>
      <property id="module.driver.adc.channel_5" value="module.driver.adc.scan_mask.channel_5.unused"/>
      <property id="module.driver.adc.channel_6" value="module.driver.adc.scan_mask.channel_6.unused"/>
      <property id="module.driver.adc.channel_7" value="module.driver.adc.scan_mask.channel_7.unused"/>
      <property id="module.driver.adc.channel_8" value="module.driver.adc.scan_mask.channel_8.unused"/>
      <property id="module.driver.adc.channel_9" value="module.driver.adc.scan_mask.channel_9.unused"/>
      <property id="module.driver.adc.channel_10" value="module.driver.adc.scan_mask.channel_10.unused"/>
      <property id="module.driver.adc.channel_11" value="module.driver.adc.scan_mask.channel_11.unused"/>
      <property id="module.driver.adc.channel_12" value="module.driver.adc.scan_mask.channel_12.unused"/>
      <property id="module.driver.adc.channel_13" value="module.driver.adc.scan_mask.channel_13.unused"/>
      <property id="module.driver.adc.channel_14" value="module.driver.adc.scan_mask.channel_14.unused"/>
      <property id="module.driver.adc.channel_15" value="module.driver.adc.scan_mask.channel_15.unused"/>
      <property id="module.driver.adc.channel_16" value="module.driver.adc.scan_mask.channel_16.unused"/>
      <property id="module.driver.adc.channel_17" value="module.driver.adc.scan_mask.channel_17.unused"/>
      <property id="module.driver.adc.channel_18" value="module.driver.adc.scan_mask.channel_18.unused"/>
      <property id="module.driver.adc.channel_19" value="module.driver.adc.scan_mask.channel_19.unused"/>
      <property id="module.driver.adc.channel_20" value="module.driver.adc.scan_mask.channel_20.unused"/>
      <property id="module.driver.adc.channel_21" value="module.driver.adc.scan_mask.channel_21.unused"/>
      <property id="module.driver.adc.channel_22" value="module.driver.adc.scan_mask.channel_22.unused"/>
      <property id="module.driver.adc.channel_23" value="module.driver.adc.scan_mask.channel_23.unused"/>
      <property id="module.driver.adc.channel_24" value="module.driver.adc.scan_mask.channel_24.unused"/>
      <property id="module.driver.adc.channel_25" value="module.driver.adc.scan_mask.channel_25.unused"/>
      <property id="module.driver.adc.channel_26" value="module.driver.adc.scan_mask.channel_26.unused"/>
      <property id="module.driver.adc.channel_27" value="module.driver.adc.scan_mask.channel_27.unused"/>
      <property id="module.driver.adc.channel_temperature" value="module.driver.adc.scan_mask.channel_temperature.unused"/>
      <property id="module.driver.adc.channel_voltage" value="module.driver.adc.scan_mask.channel_voltage.unused"/>
      <property id="module.driver.adc.trigger" value="module.driver.adc.trigger.trigger_software"/>
      <property id="module.driver.adc.trigger_group_b" value="module.driver.adc.trigger_group_b.trigger_sync_elc"/>
      <property id="module.driver.adc.priority_group_a" value="module.driver.adc.priority_group_a.group_a_priority_off"/>
      <property id="module.driver.adc.add_average_count" value="module.driver.adc.add_average_count.add_off"/>
      <property id="module.driver.adc.add_mask" value="module.driver.adc.add_mask.default"/>
      <property id="module.driver.adc.add_mask.channel_0" value="module.driver.adc.add_mask.channel_0.unused"/>
      <property id="module.driver.adc.add_mask.channel_1" value="module.driver.adc.add_mask.channel_1.unused"/>
      <property id="module.driver.adc.add_mask.channel_2" value="module.driver.adc.add_mask.channel_2.unused"/>
      <property id="module.driver.adc.add_mask.channel_3" value="module.driver.adc.add_mask.channel_3.unused"/>
      <property id="module.driver.adc.add_mask.channel_4" value="module.driver.adc.add_mask.channel_4.unused"/>
      <property id="module.driver.adc.add_mask.channel_5" value="module.driver.adc.add_mask.channel_5.unused"/>
      <property id="module.driver.adc.add_mask.channel_6" value="module.driver.adc.add_mask.channel_6.unused"/>
      <property id="module.driver.adc.add_mask.channel_7" value="module.driver.adc.add_mask.channel_7.unused"/>
      <property id="module.driver.adc.add_mask.channel_8" value="module.driver.adc.add_mask.channel_8.unused"/>
      <property id="module.driver.adc.add_mask.channel_9" value="module.driver.adc.add_mask.channel_9.unused"/>
      <property id="module.driver.adc.add_mask.channel_10" value="module.driver.adc.add_mask.channel_10.unused"/>
      <property id="module.driver.adc.add_mask.channel_11" value="module.driver.adc.add_mask.channel_11.unused"/>
      <property id="module.driver.adc.add_mask.channel_12" value="module.driver.adc.add_mask.channel_12.unused"/>
      <property id="module.driver.adc.add_mask.channel_13" value="module.driver.adc.add_mask.channel_13.unused"/>
      <property id="module.driver.adc.add_mask.channel_14" value="module.driver.adc.add_mask.channel_14.unused"/>
      <property id="module.driver.adc.add_mask.channel_15" value="module.driver.adc.add_mask.channel_15.unused"/>
      <property id="module.driver.adc.add_mask.channel_16" value="module.driver.adc.add_mask.channel_16.unused"/>
      <property id="module.driver.adc.add_mask.channel_17" value="module.driver.adc.add_mask.channel_17.unused"/>
      <property id="module.driver.adc.add_mask.channel_18" value="module.driver.adc.add_mask.channel_18.unused"/>
      <property id="module.driver.adc.add_mask.channel_19" value="module.driver.adc.add_mask.channel_19.unused"/>
      <property id="module.driver.adc.add_mask.channel_20" value="module.driver.adc.add_mask.channel_20.unused"/>
      <property id="module.driver.adc.add_mask.channel_21" value="module.driver.adc.add_mask.channel_21.unused"/>
      <property id="module.driver.adc.add_mask.channel_22" value="module.driver.adc.add_mask.channel_22.unused"/>
      <property id="module.driver.adc.add_mask.channel_23" value="module.driver.adc.add_mask.channel_23.unused"/>
      <property id="module.driver.adc.add_mask.channel_24" value="module.driver.adc.add_mask.channel_24.unused"/>
      <property id="module.driver.adc.add_mask.channel_25" value="module.driver.adc.add_mask.channel_25.unused"/>
      <property id="module.driver.adc.add_mask.channel_26" value="module.driver.adc.add_mask.channel_26.unused"/>
      <property id="module.driver.adc.add_mask.channel_27" value="module.driver.adc.add_mask.channel_27.unused"/>
      <property id="module.driver.adc.add_mask.channel_temperature" value="module.driver.adc.add_mask.channel_temperature.unused"/>
      <property id="module.driver.adc.add_mask.channel_voltage" value="module.driver.adc.add_mask.channel_voltage.unused"/>
      <property id="module.driver.adc.sample_hold_mask" value="module.driver.adc.sample_hold_mask.default"/>
      <property id="module.driver.adc.sample_hold_mask.channel_0" value="module.driver.adc.sample_hold_mask.channel_0.unused"/>
      <property id="module.driver.adc.sample_hold_mask.channel_1" value="module.driver.adc.sample_hold_mask.channel_1.unused"/>
      <property id="module.driver.adc.sample_hold_mask.channel_2" value="module.driver.adc.sample_hold_mask.channel_2.unused"/>
      <property id="module.driver.adc.sample_hold_states" value="24"/>
      <property id="module.driver.adc.p_callback" value="NULL"/>
      <property id="module.driver.adc.scan_end_ipl" value="board.icu.common.irq.disabled"/>
      <property id="module.driver.adc.scan_end_b_ipl" value="board.icu.common.irq.disabled"/>
      <property id="module.driver.adc.voltage_ref" value="module.driver.adc.voltage_ref.ref"/>
      <property id="module.driver.adc.over_current" value="module.driver.adc.over_current.enable"/>
      <property id="module.driver.adc.pga" value="module.driver.adc.pga.default"/>
      <property id="module.driver.adc.pga0" value="module.driver.adc.pga.disabled"/>
      <property id="module.driver.adc.pga1" value="module.driver.adc.pga.disabled"/>
      <property id="module.driver.adc.pga2" value="module.driver.adc.pga.disabled"/>
    </module>
    <context id="_hal.0">
      <stack module="module.driver.fmi_on_fmi.0"/>
      <stack module="module.driver.ioport_on_ioport.0"/>
      <stack module="module.driver.elc_on_elc.0"/>
      <stack module="module.driver.cgc_on_cgc.0"/>
    </context>
    <context id="rtos.threadx.thread.878223291">
      <property id="_symbol" value="MAIN_THREAD"/>
      <property id="rtos.threadx.thread.name" value="Main Thread"/>
      <property id="rtos.threadx.thread.stack" value="2048"/>
      <property id="rtos.threadx.thread.priority" value="1"/>
      <property id="rtos.threadx.thread.autostart" value="rtos.threadx.thread.autostart.enabled"/>
      <property id="rtos.threadx.thread.timeslice" value="10"/>
      <stack module="module.driver.timer_on_gpt.160296050"/>
      <stack module="module.driver.adc_on_adc.1049327815"/>
    </context>
    <context id="rtos.threadx.thread.214652778">
      <property id="_symbol" value="Keypad_Uart_Thread"/>
      <property id="rtos.threadx.thread.name" value="KEYPAD_UART"/>
      <property id="rtos.threadx.thread.stack" value="1024"/>
      <property id="rtos.threadx.thread.priority" value="1"/>
      <property id="rtos.threadx.thread.autostart" value="rtos.threadx.thread.autostart.enabled"/>
      <property id="rtos.threadx.thread.timeslice" value="10"/>
      <stack module="module.driver.uart_on_sci_uart.282637021">
        <stack module="module.driver.transfer_on_dtc.662781814" requires="module.driver.uart_on_sci_uart.requires.transfer_tx"/>
      </stack>
    </context>
    <config id="config.driver.cgc">
      <property id="config.driver.cgc.param_checking_enable" value="config.driver.cgc.param_checking_enable.bsp"/>
      <property id="config.driver.cgc.main_osc_wait" value="config.driver.cgc.main_osc_wait.wait_547"/>
      <property id="config.driver.cgc.main_osc_clock_source" value="config.driver.cgc.main_osc_clock_source.crystal"/>
      <property id="config.driver.cgc.subclock_drive" value="config.driver.cgc.subclock_drive.standard"/>
      <property id="config.driver.cgc.subclock_at_reset_enable" value="config.driver.cgc.subclock_at_reset_enable.enabled"/>
      <property id="config.driver.cgc.low_voltage_mode" value="config.driver.cgc.low_voltage_mode.disabled"/>
    </config>
    <config id="config.driver.ioport">
      <property id="config.driver.ioport.checking" value="config.driver.ioport.checking.system"/>
    </config>
    <config id="config.threadx.thread"/>
    <config id="config.driver.adc">
      <property id="config.driver.adc.param_checking_enable" value="config.driver.adc.param_checking_enable.enabled"/>
    </config>
    <config id="config.driver.sci_uart">
      <property id="config.driver.sci_uart.external_rts_operation" value="config.driver.sci_uart.external_rts_operation.disabled"/>
      <property id="config.driver.sci_uart.uart_rx_enable" value="config.driver.sci_uart.uart_rx_enable.enabled"/>
      <property id="config.driver.sci_uart.uart_tx_enable" value="config.driver.sci_uart.uart_tx_enable.enabled"/>
      <property id="config.driver.sci_uart.param_checking_enable" value="config.driver.sci_uart.param_checking_enable.bsp"/>
    </config>
    <config id="config.driver.gpt">
      <property id="config.driver.gpt.param_checking_enable" value="config.driver.gpt.param_checking_enable.bsp"/>
    </config>
    <config id="config.driver.fmi">
      <property id="config.driver.fmi.param_checking_enable" value="config.driver.fmi.param_checking_enable.bsp"/>
      <property id="config.driver.fmi.custom_base_address_symbol" value="g_fmi_data"/>
      <property id="config.driver.fmi.part_number_mask" value="0xFE00"/>
    </config>
    <config id="config.driver.elc">
      <property id="config.driver.elc.checking" value="config.driver.elc.checking.system"/>
    </config>
    <config id="config.driver.dtc">
      <property id="config.driver.dtc.param_checking_enable" value="config.driver.dtc.param_checking_enable.bsp"/>
      <property id="config.driver.dtc.software_start" value="config.driver.dtc.software_start.disabled"/>
      <property id="config.driver.dtc.vector_table" value=".ssp_dtc_vector_table"/>
    </config>
  </synergyModuleConfiguration>
</synergyConfiguration>
