﻿<?xml version="1.0" encoding="utf-8"?>
<ChannelSettingInfo xmlns:i="http://www.w3.org/2001/XMLSchema-instance" xmlns="http://schemas.datacontract.org/2004/07/Beginner">
  <Version>Version1</Version>
  <Channel>
    <ChannelInfo>
      <Number>1</Number>
      <Setting>
        <ResistanceValue>560</ResistanceValue>
      </Setting>
    </ChannelInfo>
    <ChannelInfo>
      <Number>2</Number>
      <Setting>
        <ResistanceValue>560</ResistanceValue>
      </Setting>
    </ChannelInfo>
    <ChannelInfo>
      <Number>3</Number>
      <Setting>
        <ResistanceValue>560</ResistanceValue>
      </Setting>
    </ChannelInfo>
    <ChannelInfo>
      <Number>4</Number>
      <Setting>
        <ResistanceValue>560</ResistanceValue>
      </Setting>
    </ChannelInfo>
    <ChannelInfo>
      <Number>5</Number>
      <Setting>
        <ResistanceValue>560</ResistanceValue>
      </Setting>
    </ChannelInfo>
    <ChannelInfo>
      <Number>6</Number>
      <Setting>
        <ResistanceValue>560</ResistanceValue>
      </Setting>
    </ChannelInfo>
    <ChannelInfo>
      <Number>7</Number>
      <Setting>
        <ResistanceValue>560</ResistanceValue>
      </Setting>
    </ChannelInfo>
    <ChannelInfo>
      <Number>8</Number>
      <Setting>
        <ResistanceValue>560</ResistanceValue>
      </Setting>
    </ChannelInfo>
    <ChannelInfo>
      <Number>9</Number>
      <Setting>
        <ResistanceValue>560</ResistanceValue>
      </Setting>
    </ChannelInfo>
    <ChannelInfo>
      <Number>10</Number>
      <Setting>
        <ResistanceValue>560</ResistanceValue>
      </Setting>
    </ChannelInfo>
    <ChannelInfo>
      <Number>13</Number>
      <Setting>
        <ResistanceValue>0</ResistanceValue>
      </Setting>
    </ChannelInfo>
    <ChannelInfo>
      <Number>14</Number>
      <Setting>
        <ResistanceValue>0</ResistanceValue>
      </Setting>
    </ChannelInfo>
    <ChannelInfo>
      <Number>15</Number>
      <Setting>
        <ResistanceValue>0</ResistanceValue>
      </Setting>
    </ChannelInfo>
    <ChannelInfo>
      <Number>20</Number>
      <Setting>
        <ResistanceValue>0</ResistanceValue>
      </Setting>
    </ChannelInfo>
    <ChannelInfo>
      <Number>22</Number>
      <Setting>
        <ResistanceValue>0</ResistanceValue>
      </Setting>
    </ChannelInfo>
    <ChannelInfo>
      <Number>24</Number>
      <Setting>
        <ResistanceValue>0</ResistanceValue>
      </Setting>
    </ChannelInfo>
    <ChannelInfo>
      <Number>25</Number>
      <Setting>
        <ResistanceValue>0</ResistanceValue>
      </Setting>
    </ChannelInfo>
    <ChannelInfo>
      <Number>26</Number>
      <Setting>
        <ResistanceValue>0</ResistanceValue>
      </Setting>
    </ChannelInfo>
    <ChannelInfo>
      <Number>28</Number>
      <Setting>
        <ResistanceValue>0</ResistanceValue>
      </Setting>
    </ChannelInfo>
    <ChannelInfo>
      <Number>29</Number>
      <Setting>
        <ResistanceValue>0</ResistanceValue>
      </Setting>
    </ChannelInfo>
    <ChannelInfo>
      <Number>31</Number>
      <Setting>
        <ResistanceValue>0</ResistanceValue>
      </Setting>
    </ChannelInfo>
    <ChannelInfo>
      <Number>33</Number>
      <Setting>
        <ResistanceValue>0</ResistanceValue>
      </Setting>
    </ChannelInfo>
    <ChannelInfo>
      <Number>34</Number>
      <Setting>
        <ResistanceValue>0</ResistanceValue>
      </Setting>
    </ChannelInfo>
    <ChannelInfo>
      <Number>35</Number>
      <Setting>
        <ResistanceValue>0</ResistanceValue>
      </Setting>
    </ChannelInfo>
  </Channel>
</ChannelSettingInfo>