﻿<?xml version="1.0" encoding="utf-8"?>
<FileManageLabelData xmlns:i="http://www.w3.org/2001/XMLSchema-instance" xmlns="http://schemas.datacontract.org/2004/07/Common">
  <InterfaceLabelList>
    <InterfaceLabelConfiguration>
      <ID>1</ID>
      <IdParent>-1</IdParent>
      <Label>TS01</Label>
      <Type>Key</Type>
    </InterfaceLabelConfiguration>
    <InterfaceLabelConfiguration>
      <ID>2</ID>
      <IdParent>-1</IdParent>
      <Label>TS02</Label>
      <Type>Key</Type>
    </InterfaceLabelConfiguration>
    <InterfaceLabelConfiguration>
      <ID>3</ID>
      <IdParent>-1</IdParent>
      <Label>TS03</Label>
      <Type>Key</Type>
    </InterfaceLabelConfiguration>
    <InterfaceLabelConfiguration>
      <ID>4</ID>
      <IdParent>-1</IdParent>
      <Label>TS04</Label>
      <Type>Key</Type>
    </InterfaceLabelConfiguration>
    <InterfaceLabelConfiguration>
      <ID>5</ID>
      <IdParent>-1</IdParent>
      <Label>TS05</Label>
      <Type>Key</Type>
    </InterfaceLabelConfiguration>
    <InterfaceLabelConfiguration>
      <ID>6</ID>
      <IdParent>-1</IdParent>
      <Label>TS06</Label>
      <Type>Key</Type>
    </InterfaceLabelConfiguration>
    <InterfaceLabelConfiguration>
      <ID>7</ID>
      <IdParent>-1</IdParent>
      <Label>TS07</Label>
      <Type>Key</Type>
    </InterfaceLabelConfiguration>
    <InterfaceLabelConfiguration>
      <ID>8</ID>
      <IdParent>-1</IdParent>
      <Label>TS08</Label>
      <Type>Key</Type>
    </InterfaceLabelConfiguration>
    <InterfaceLabelConfiguration>
      <ID>9</ID>
      <IdParent>-1</IdParent>
      <Label>TS09</Label>
      <Type>Key</Type>
    </InterfaceLabelConfiguration>
    <InterfaceLabelConfiguration>
      <ID>10</ID>
      <IdParent>-1</IdParent>
      <Label>TS10</Label>
      <Type>Key</Type>
    </InterfaceLabelConfiguration>
  </InterfaceLabelList>
  <Version>2</Version>
</FileManageLabelData>