﻿<?xml version="1.0" encoding="utf-8"?>
<TouchIfFileData xmlns:i="http://www.w3.org/2001/XMLSchema-instance" xmlns="http://schemas.datacontract.org/2004/07/Common">
  <ApiCreationDate>2025-09-18T18:45:10.7620615+05:30</ApiCreationDate>
  <BeginnerVersion xmlns:d2p1="http://schemas.datacontract.org/2004/07/System">
    <d2p1:_Build>0</d2p1:_Build>
    <d2p1:_Major>1</d2p1:_Major>
    <d2p1:_Minor>7</d2p1:_Minor>
    <d2p1:_Revision>0</d2p1:_Revision>
  </BeginnerVersion>
  <IdeType>CS_PLUS_WITH_EMULATOR</IdeType>
  <ProjectFolderPath>D:\CAFFE NOVA\keypad\02_TouchAPI_2025-09-18-CAFFE-NOVA</ProjectFolderPath>
  <Version>1</Version>
  <listIf>
    <TouchIfInfo>
      <AllocatedTs>
        <TsInfo>
          <Label>TS04</Label>
          <Num>4</Num>
        </TsInfo>
      </AllocatedTs>
      <Enable>true</Enable>
      <ID>0</ID>
      <IfType>BUTTON</IfType>
      <Label>TS04</Label>
      <MatrixBtn />
      <ParentMatrixId>0</ParentMatrixId>
      <Rect xmlns:d4p1="http://schemas.datacontract.org/2004/07/System.Drawing">
        <d4p1:height>35</d4p1:height>
        <d4p1:width>100</d4p1:width>
        <d4p1:x>470</d4p1:x>
        <d4p1:y>85</d4p1:y>
      </Rect>
      <RxTs />
      <TxTs />
      <Visible>true</Visible>
    </TouchIfInfo>
    <TouchIfInfo>
      <AllocatedTs>
        <TsInfo>
          <Label>TS02</Label>
          <Num>2</Num>
        </TsInfo>
      </AllocatedTs>
      <Enable>true</Enable>
      <ID>1</ID>
      <IfType>BUTTON</IfType>
      <Label>TS02</Label>
      <MatrixBtn />
      <ParentMatrixId>0</ParentMatrixId>
      <Rect xmlns:d4p1="http://schemas.datacontract.org/2004/07/System.Drawing">
        <d4p1:height>45</d4p1:height>
        <d4p1:width>125</d4p1:width>
        <d4p1:x>175</d4p1:x>
        <d4p1:y>80</d4p1:y>
      </Rect>
      <RxTs />
      <TxTs />
      <Visible>true</Visible>
    </TouchIfInfo>
    <TouchIfInfo>
      <AllocatedTs>
        <TsInfo>
          <Label>TS03</Label>
          <Num>3</Num>
        </TsInfo>
      </AllocatedTs>
      <Enable>true</Enable>
      <ID>2</ID>
      <IfType>BUTTON</IfType>
      <Label>TS03</Label>
      <MatrixBtn />
      <ParentMatrixId>0</ParentMatrixId>
      <Rect xmlns:d4p1="http://schemas.datacontract.org/2004/07/System.Drawing">
        <d4p1:height>40</d4p1:height>
        <d4p1:width>120</d4p1:width>
        <d4p1:x>320</d4p1:x>
        <d4p1:y>80</d4p1:y>
      </Rect>
      <RxTs />
      <TxTs />
      <Visible>true</Visible>
    </TouchIfInfo>
    <TouchIfInfo>
      <AllocatedTs>
        <TsInfo>
          <Label>TS09</Label>
          <Num>9</Num>
        </TsInfo>
      </AllocatedTs>
      <Enable>true</Enable>
      <ID>3</ID>
      <IfType>BUTTON</IfType>
      <Label>TS09</Label>
      <MatrixBtn />
      <ParentMatrixId>0</ParentMatrixId>
      <Rect xmlns:d4p1="http://schemas.datacontract.org/2004/07/System.Drawing">
        <d4p1:height>40</d4p1:height>
        <d4p1:width>105</d4p1:width>
        <d4p1:x>465</d4p1:x>
        <d4p1:y>160</d4p1:y>
      </Rect>
      <RxTs />
      <TxTs />
      <Visible>true</Visible>
    </TouchIfInfo>
    <TouchIfInfo>
      <AllocatedTs>
        <TsInfo>
          <Label>TS01</Label>
          <Num>1</Num>
        </TsInfo>
      </AllocatedTs>
      <Enable>true</Enable>
      <ID>4</ID>
      <IfType>BUTTON</IfType>
      <Label>TS01</Label>
      <MatrixBtn />
      <ParentMatrixId>0</ParentMatrixId>
      <Rect xmlns:d4p1="http://schemas.datacontract.org/2004/07/System.Drawing">
        <d4p1:height>40</d4p1:height>
        <d4p1:width>110</d4p1:width>
        <d4p1:x>600</d4p1:x>
        <d4p1:y>80</d4p1:y>
      </Rect>
      <RxTs />
      <TxTs />
      <Visible>true</Visible>
    </TouchIfInfo>
    <TouchIfInfo>
      <AllocatedTs>
        <TsInfo>
          <Label>TS10</Label>
          <Num>10</Num>
        </TsInfo>
      </AllocatedTs>
      <Enable>true</Enable>
      <ID>5</ID>
      <IfType>BUTTON</IfType>
      <Label>TS10</Label>
      <MatrixBtn />
      <ParentMatrixId>0</ParentMatrixId>
      <Rect xmlns:d4p1="http://schemas.datacontract.org/2004/07/System.Drawing">
        <d4p1:height>35</d4p1:height>
        <d4p1:width>105</d4p1:width>
        <d4p1:x>600</d4p1:x>
        <d4p1:y>160</d4p1:y>
      </Rect>
      <RxTs />
      <TxTs />
      <Visible>true</Visible>
    </TouchIfInfo>
    <TouchIfInfo>
      <AllocatedTs>
        <TsInfo>
          <Label>TS08</Label>
          <Num>8</Num>
        </TsInfo>
      </AllocatedTs>
      <Enable>true</Enable>
      <ID>6</ID>
      <IfType>BUTTON</IfType>
      <Label>TS08</Label>
      <MatrixBtn />
      <ParentMatrixId>0</ParentMatrixId>
      <Rect xmlns:d4p1="http://schemas.datacontract.org/2004/07/System.Drawing">
        <d4p1:height>35</d4p1:height>
        <d4p1:width>95</d4p1:width>
        <d4p1:x>340</d4p1:x>
        <d4p1:y>165</d4p1:y>
      </Rect>
      <RxTs />
      <TxTs />
      <Visible>true</Visible>
    </TouchIfInfo>
    <TouchIfInfo>
      <AllocatedTs>
        <TsInfo>
          <Label>TS07</Label>
          <Num>7</Num>
        </TsInfo>
      </AllocatedTs>
      <Enable>true</Enable>
      <ID>7</ID>
      <IfType>BUTTON</IfType>
      <Label>TS07</Label>
      <MatrixBtn />
      <ParentMatrixId>0</ParentMatrixId>
      <Rect xmlns:d4p1="http://schemas.datacontract.org/2004/07/System.Drawing">
        <d4p1:height>30</d4p1:height>
        <d4p1:width>105</d4p1:width>
        <d4p1:x>185</d4p1:x>
        <d4p1:y>175</d4p1:y>
      </Rect>
      <RxTs />
      <TxTs />
      <Visible>true</Visible>
    </TouchIfInfo>
    <TouchIfInfo>
      <AllocatedTs>
        <TsInfo>
          <Label>TS06</Label>
          <Num>6</Num>
        </TsInfo>
      </AllocatedTs>
      <Enable>true</Enable>
      <ID>8</ID>
      <IfType>BUTTON</IfType>
      <Label>TS06</Label>
      <MatrixBtn />
      <ParentMatrixId>0</ParentMatrixId>
      <Rect xmlns:d4p1="http://schemas.datacontract.org/2004/07/System.Drawing">
        <d4p1:height>70</d4p1:height>
        <d4p1:width>100</d4p1:width>
        <d4p1:x>50</d4p1:x>
        <d4p1:y>95</d4p1:y>
      </Rect>
      <RxTs />
      <TxTs />
      <Visible>true</Visible>
    </TouchIfInfo>
    <TouchIfInfo>
      <AllocatedTs>
        <TsInfo>
          <Label>TS05</Label>
          <Num>5</Num>
        </TsInfo>
      </AllocatedTs>
      <Enable>true</Enable>
      <ID>9</ID>
      <IfType>BUTTON</IfType>
      <Label>TS05</Label>
      <MatrixBtn />
      <ParentMatrixId>0</ParentMatrixId>
      <Rect xmlns:d4p1="http://schemas.datacontract.org/2004/07/System.Drawing">
        <d4p1:height>70</d4p1:height>
        <d4p1:width>85</d4p1:width>
        <d4p1:x>70</d4p1:x>
        <d4p1:y>205</d4p1:y>
      </Rect>
      <RxTs />
      <TxTs />
      <Visible>true</Visible>
    </TouchIfInfo>
  </listIf>
</TouchIfFileData>